INSERT INTO assets(identifier, name, type) VALUES("eip155:42161/erc20:0x912CE59144191C1204E64559FE8253a0e49E6548", "Arbitrum", "C"); INSERT INTO evm_tokens(identifier, token_kind, chain, address, decimals, protocol) VALUES("eip155:42161/erc20:0x912CE59144191C1204E64559FE8253a0e49E6548", "A", 42161, "0x912CE59144191C1204E64559FE8253a0e49E6548", 18, NULL); INSERT INTO common_asset_details(identifier, symbol, coingecko, cryptocompare, forked, started, swapped_for) VALUES("eip155:42161/erc20:0x912CE59144191C1204E64559FE8253a0e49E6548", "ARB", "arbitrum", "ARB", NULL, 1678968508, NULL);
*
INSERT INTO assets(identifier, name, type) VALUES("eip155:1/erc20:0xB50721BCf8d664c30412Cfbc6cf7a15145234ad1", "Arbitrum", "C"); INSERT INTO evm_tokens(identifier, token_kind, chain, address, decimals, protocol) VALUES("eip155:1/erc20:0xB50721BCf8d664c30412Cfbc6cf7a15145234ad1", "A", 1, "0xB50721BCf8d664c30412Cfbc6cf7a15145234ad1", 18, NULL); INSERT INTO common_asset_details(identifier, symbol, coingecko, cryptocompare, forked, started, swapped_for) VALUES("eip155:1/erc20:0xB50721BCf8d664c30412Cfbc6cf7a15145234ad1", "ARB", "arbitrum", "ARB", NULL, NULL, NULL);
*
INSERT INTO assets(identifier, name, type) VALUES("eip155:1/erc20:0xD04E772BC0d591fBD288f2E2a86aFA3D3CB647F8", "CryptoGPT Token", "C"); INSERT INTO evm_tokens(identifier, token_kind, chain, address, decimals, protocol) VALUES("eip155:1/erc20:0xD04E772BC0d591fBD288f2E2a86aFA3D3CB647F8", "A", 1, "0xD04E772BC0d591fBD288f2E2a86aFA3D3CB647F8", 18, NULL); INSERT INTO common_asset_details(identifier, symbol, coingecko, cryptocompare, forked, started, swapped_for) VALUES("eip155:1/erc20:0xD04E772BC0d591fBD288f2E2a86aFA3D3CB647F8", "GPT", "cryptogpt-token", "", NULL, NULL, NULL);
*
INSERT INTO assets(identifier, name, type) VALUES("eip155:1/erc20:0xe4dae00bc1c46ea2F44ae71B1BEb8b171C15d812", "PREMA", "C"); INSERT INTO evm_tokens(identifier, token_kind, chain, address, decimals, protocol) VALUES("eip155:1/erc20:0xe4dae00bc1c46ea2F44ae71B1BEb8b171C15d812", "A", 1, "0xe4dae00bc1c46ea2F44ae71B1BEb8b171C15d812", 18, NULL); INSERT INTO common_asset_details(identifier, symbol, coingecko, cryptocompare, forked, started, swapped_for) VALUES("eip155:1/erc20:0xe4dae00bc1c46ea2F44ae71B1BEb8b171C15d812", "PRMX", "prema", "PRMX", NULL, NULL, NULL);
*
INSERT INTO assets(identifier, name, type) VALUES("eip155:1/erc20:0x8c1BEd5b9a0928467c9B1341Da1D7BD5e10b6549", "Liquid Staked ETH", "C"); INSERT INTO evm_tokens(identifier, token_kind, chain, address, decimals, protocol) VALUES("eip155:1/erc20:0x8c1BEd5b9a0928467c9B1341Da1D7BD5e10b6549", "A", 1, "0x8c1BEd5b9a0928467c9B1341Da1D7BD5e10b6549", 18, NULL); INSERT INTO common_asset_details(identifier, symbol, coingecko, cryptocompare, forked, started, swapped_for) VALUES("eip155:1/erc20:0x8c1BEd5b9a0928467c9B1341Da1D7BD5e10b6549", "LsETH", "liquid-staked-ethereum", "", NULL, NULL, NULL);
*
INSERT INTO assets(identifier, name, type) VALUES("eip155:1/erc20:0xb23d80f5FefcDDaa212212F028021B41DEd428CF", "Prime", "C"); INSERT INTO evm_tokens(identifier, token_kind, chain, address, decimals, protocol) VALUES("eip155:1/erc20:0xb23d80f5FefcDDaa212212F028021B41DEd428CF", "A", 1, "0xb23d80f5FefcDDaa212212F028021B41DEd428CF", 18, NULL); INSERT INTO common_asset_details(identifier, symbol, coingecko, cryptocompare, forked, started, swapped_for) VALUES("eip155:1/erc20:0xb23d80f5FefcDDaa212212F028021B41DEd428CF", "PRIME", "echelon-prime", "", NULL, NULL, NULL);
*
INSERT INTO assets(identifier, name, type) VALUES("eip155:42161/erc20:0x088cd8f5eF3652623c22D48b1605DCfE860Cd704", "VelaToken", "C"); INSERT INTO evm_tokens(identifier, token_kind, chain, address, decimals, protocol) VALUES("eip155:42161/erc20:0x088cd8f5eF3652623c22D48b1605DCfE860Cd704", "A", 42161, "0x088cd8f5eF3652623c22D48b1605DCfE860Cd704", 18, NULL); INSERT INTO common_asset_details(identifier, symbol, coingecko, cryptocompare, forked, started, swapped_for) VALUES("eip155:42161/erc20:0x088cd8f5eF3652623c22D48b1605DCfE860Cd704", "VELA", "vela-token", "VELA", NULL, 1671842085, NULL);
*
INSERT INTO assets(identifier, name, type) VALUES("eip155:10/erc20:0x3c8B650257cFb5f272f799F5e2b4e65093a11a05", "Velodrome", "C"); INSERT INTO evm_tokens(identifier, token_kind, chain, address, decimals, protocol) VALUES("eip155:10/erc20:0x3c8B650257cFb5f272f799F5e2b4e65093a11a05", "A", 10, "0x3c8B650257cFb5f272f799F5e2b4e65093a11a05", 18, NULL); INSERT INTO common_asset_details(identifier, symbol, coingecko, cryptocompare, forked, started, swapped_for) VALUES("eip155:10/erc20:0x3c8B650257cFb5f272f799F5e2b4e65093a11a05", "VELO", "velodrome-finance", "", NULL, 1654113683, NULL);
*
INSERT INTO assets(identifier, name, type) VALUES("eip155:10/erc20:0xc40F949F8a4e094D1b49a23ea9241D289B7b2819", "LUSD Stablecoin", "C"); INSERT INTO evm_tokens(identifier, token_kind, chain, address, decimals, protocol) VALUES("eip155:10/erc20:0xc40F949F8a4e094D1b49a23ea9241D289B7b2819", "A", 10, "0xc40F949F8a4e094D1b49a23ea9241D289B7b2819", 18, NULL); INSERT INTO common_asset_details(identifier, symbol, coingecko, cryptocompare, forked, started, swapped_for) VALUES("eip155:10/erc20:0xc40F949F8a4e094D1b49a23ea9241D289B7b2819", "LUSD", "liquity-usd", "LUSD", NULL, NULL, NULL);
*
INSERT INTO assets(identifier, name, type) VALUES("eip155:42161/erc20:0x93b346b6BC2548dA6A1E7d98E9a421B42541425b", "LUSD Stablecoin", "C"); INSERT INTO evm_tokens(identifier, token_kind, chain, address, decimals, protocol) VALUES("eip155:42161/erc20:0x93b346b6BC2548dA6A1E7d98E9a421B42541425b", "A", 42161, "0x93b346b6BC2548dA6A1E7d98E9a421B42541425b", 18, NULL); INSERT INTO common_asset_details(identifier, symbol, coingecko, cryptocompare, forked, started, swapped_for) VALUES("eip155:42161/erc20:0x93b346b6BC2548dA6A1E7d98E9a421B42541425b", "LUSD", "liquity-usd", "LUSD", NULL, 1660286965, NULL);
*
INSERT INTO assets(identifier, name, type) VALUES("eip155:1/erc20:0xac3E018457B222d93114458476f3E3416Abbe38F", "Staked Frax Ether", "C"); INSERT INTO evm_tokens(identifier, token_kind, chain, address, decimals, protocol) VALUES("eip155:1/erc20:0xac3E018457B222d93114458476f3E3416Abbe38F", "A", 1, "0xac3E018457B222d93114458476f3E3416Abbe38F", 18, NULL); INSERT INTO common_asset_details(identifier, symbol, coingecko, cryptocompare, forked, started, swapped_for) VALUES("eip155:1/erc20:0xac3E018457B222d93114458476f3E3416Abbe38F", "sfrxETH", "staked-frax-ether", "", NULL, 1665022895, NULL);
*
INSERT INTO assets(identifier, name, type) VALUES("eip155:10/erc20:0x484c2D6e3cDd945a8B2DF735e079178C1036578c", "Staked Frax Ether", "C"); INSERT INTO evm_tokens(identifier, token_kind, chain, address, decimals, protocol) VALUES("eip155:10/erc20:0x484c2D6e3cDd945a8B2DF735e079178C1036578c", "A", 10, "0x484c2D6e3cDd945a8B2DF735e079178C1036578c", 18, NULL); INSERT INTO common_asset_details(identifier, symbol, coingecko, cryptocompare, forked, started, swapped_for) VALUES("eip155:10/erc20:0x484c2D6e3cDd945a8B2DF735e079178C1036578c", "sfrxETH", "staked-frax-ether", "", NULL, 1673221028, NULL);
*
INSERT INTO assets(identifier, name, type) VALUES("eip155:42161/erc20:0x95aB45875cFFdba1E5f451B950bC2E42c0053f39", "Staked Frax Ether", "C"); INSERT INTO evm_tokens(identifier, token_kind, chain, address, decimals, protocol) VALUES("eip155:42161/erc20:0x95aB45875cFFdba1E5f451B950bC2E42c0053f39", "A", 42161, "0x95aB45875cFFdba1E5f451B950bC2E42c0053f39", 18, NULL); INSERT INTO common_asset_details(identifier, symbol, coingecko, cryptocompare, forked, started, swapped_for) VALUES("eip155:42161/erc20:0x95aB45875cFFdba1E5f451B950bC2E42c0053f39", "sfrxETH", "staked-frax-ether", "", NULL, 1673211957, NULL);
*
INSERT INTO assets(identifier, name, type) VALUES("eip155:137/erc20:0x6d1FdBB266fCc09A16a22016369210A15bb95761", "Staked Frax Ether", "C"); INSERT INTO evm_tokens(identifier, token_kind, chain, address, decimals, protocol) VALUES("eip155:137/erc20:0x6d1FdBB266fCc09A16a22016369210A15bb95761", "A", 137, "0x6d1FdBB266fCc09A16a22016369210A15bb95761", 18, NULL); INSERT INTO common_asset_details(identifier, symbol, coingecko, cryptocompare, forked, started, swapped_for) VALUES("eip155:137/erc20:0x6d1FdBB266fCc09A16a22016369210A15bb95761", "sfrxETH", "staked-frax-ether", "", NULL, 1673220278, NULL);
*
INSERT INTO assets(identifier, name, type) VALUES("eip155:56/erc20:0x3Cd55356433C89E50DC51aB07EE0fa0A95623D53", "Staked Frax Ether", "C"); INSERT INTO evm_tokens(identifier, token_kind, chain, address, decimals, protocol) VALUES("eip155:56/erc20:0x3Cd55356433C89E50DC51aB07EE0fa0A95623D53", "A", 56, "0x3Cd55356433C89E50DC51aB07EE0fa0A95623D53", 18, NULL); INSERT INTO common_asset_details(identifier, symbol, coingecko, cryptocompare, forked, started, swapped_for) VALUES("eip155:56/erc20:0x3Cd55356433C89E50DC51aB07EE0fa0A95623D53", "sfrxETH", "staked-frax-ether", "", NULL, 1673215146, NULL);
*
INSERT INTO assets(identifier, name, type) VALUES("eip155:250/erc20:0xb90CCD563918fF900928dc529aA01046795ccb4A", "Staked Frax Ether", "C"); INSERT INTO evm_tokens(identifier, token_kind, chain, address, decimals, protocol) VALUES("eip155:250/erc20:0xb90CCD563918fF900928dc529aA01046795ccb4A", "A", 250, "0xb90CCD563918fF900928dc529aA01046795ccb4A", 18, NULL); INSERT INTO common_asset_details(identifier, symbol, coingecko, cryptocompare, forked, started, swapped_for) VALUES("eip155:250/erc20:0xb90CCD563918fF900928dc529aA01046795ccb4A", "sfrxETH", "staked-frax-ether", "", NULL, 1674490087, NULL);
*
INSERT INTO assets(identifier, name, type) VALUES("eip155:10/erc20:0x9Bcef72be871e61ED4fBbc7630889beE758eb81D", "Rocket Pool ETH", "C"); INSERT INTO evm_tokens(identifier, token_kind, chain, address, decimals, protocol) VALUES("eip155:10/erc20:0x9Bcef72be871e61ED4fBbc7630889beE758eb81D", "A", 10, "0x9Bcef72be871e61ED4fBbc7630889beE758eb81D", 18, NULL); INSERT INTO common_asset_details(identifier, symbol, coingecko, cryptocompare, forked, started, swapped_for) VALUES("eip155:10/erc20:0x9Bcef72be871e61ED4fBbc7630889beE758eb81D", "rETH", "rocket-pool-eth", "", NULL, 1637032878, NULL);
*
INSERT INTO assets(identifier, name, type) VALUES("eip155:42161/erc20:0xEC70Dcb4A1EFa46b8F2D97C310C9c4790ba5ffA8", "Rocket Pool ETH", "C"); INSERT INTO evm_tokens(identifier, token_kind, chain, address, decimals, protocol) VALUES("eip155:42161/erc20:0xEC70Dcb4A1EFa46b8F2D97C310C9c4790ba5ffA8", "A", 42161, "0xEC70Dcb4A1EFa46b8F2D97C310C9c4790ba5ffA8", 18, NULL); INSERT INTO common_asset_details(identifier, symbol, coingecko, cryptocompare, forked, started, swapped_for) VALUES("eip155:42161/erc20:0xEC70Dcb4A1EFa46b8F2D97C310C9c4790ba5ffA8", "rETH", "rocket-pool-eth", "", NULL, 1637303351, NULL);
*